model,n_features,accuracy,precision,recall,f1,pr_auc,roc_auc,recall_at_precision_0.80,val_recall_at_precision_0.80,threshold,tn,fp,fn,tp,train_seconds,delta_pr_auc_vs_full
Full features,39,0.9999919080757405,1.0,0.9993954050785974,0.9996976111279104,1.0,1.0,1.0,1.0,0.999848484992981,121926,0,1,1653,24.284926652908325,0.0
Without balance-error features,35,0.9996925068781356,0.9809523809523808,0.996372430471584,0.9886022795440912,0.99796316065417,0.999974155235714,1.0,1.0,0.9852912425994872,121894,32,6,1648,19.55992674827576,-0.0020368393458299883
Without transaction-type features,34,0.999959540378702,1.0,0.9969770253929868,0.9984862246442628,1.0,1.0,1.0,1.0,0.999751627445221,121926,0,5,1649,19.35618495941162,0.0
Pre-transaction features only,31,0.9996601391810972,0.9809069212410502,0.9939540507859734,0.9873873873873874,0.9979710606031816,0.9999744676340544,1.0,1.0,0.9925703406333924,121894,32,10,1644,20.88839077949524,-0.0020289393968183633
Without all balance-derived features,25,0.9865431299563036,0.4976720124159338,0.5816203143893591,0.5363813771954279,0.5444665912490282,0.9567379596373808,0.2914147521160822,0.1156812339331619,0.9834502339363098,120955,971,692,962,15.255415439605711,-0.4555334087509718
